{"samples": {"1": [[0.10809770526441634, 0.989833509067424, "decision_tree_satur_deficit"], [0.10568303075356021, 0.9716969237476333, "decision_tree"], [0.10868360378727655, 0.9948615868310886, "gradient_boost_satur_deficit"], [0.10458413459556583, 0.9864423964869121, "gradient_boost"], [0.10362220557487056, 0.9741596367622719, "random_forest_satur_deficit"], [0.10117699402572282, 0.9458943533785263, "random_forest"]], "05": [[0.11490113738872994, 0.9907116533839715, "decision_tree_satur_deficit"], [0.11811009869489822, 0.9627323295312393, "decision_tree"], [0.11882542818964502, 0.996195950581367, "gradient_boost_satur_deficit"], [0.1221558140749893, 0.9878309128719281, "gradient_boost"], [0.11237846963487189, 0.9638969782126419, "random_forest_satur_deficit"], [0.10980515702885936, 0.9231389504535461, "random_forest"]]}, "references": {"1": [[0.10847316682338715, "decision_tree_satur_deficit"], [0.10820984095335007, "decision_tree"], [0.11038592457771301, "gradient_boost_satur_deficit"], [0.10655386745929718, "gradient_boost"], [0.10767017304897308, "random_forest_satur_deficit"], [0.11040723323822021, "random_forest"]], "05": [[0.11574532836675644, "decision_tree_satur_deficit"], [0.1203082799911499, "decision_tree"], [0.11942928284406662, "gradient_boost_satur_deficit"], [0.12444540858268738, "gradient_boost"], [0.11706054955720901, "random_forest_satur_deficit"], [0.11988291144371033, "random_forest"]]}}