{"samples": {"1": [[0.10991444865095139, 0.9903951692455518, "decision_tree_satur_deficit"], [0.10494624305691978, 0.9676904996429659, "decision_tree"], [0.10450257833197005, 0.9950380290235229, "gradient_boost_satur_deficit"], [0.10887593761740032, 0.9870769620668369, "gradient_boost"], [0.10356890201882171, 0.9705789925480892, "random_forest_satur_deficit"], [0.10351118157437637, 0.9482865062406958, "random_forest"]], "05": [[0.11642814837080072, 0.9907125604508098, "decision_tree_satur_deficit"], [0.1148434908732476, 0.9612593510102642, "decision_tree"], [0.11937062983392803, 0.9960493979345101, "gradient_boost_satur_deficit"], [0.11650095733380952, 0.9868120841449656, "gradient_boost"], [0.11512814663006816, 0.9664738683575864, "random_forest_satur_deficit"], [0.10694483784159306, 0.9164956119394798, "random_forest"]]}, "references": {"1": [[0.11047980189323425, "decision_tree_satur_deficit"], [0.10580854117870331, "decision_tree"], [0.10506363958120346, "gradient_boost_satur_deficit"], [0.11119411885738373, "gradient_boost"], [0.1087697371840477, "random_forest_satur_deficit"], [0.11171163618564606, "random_forest"]], "05": [[0.11742112785577774, "decision_tree_satur_deficit"], [0.11841852962970734, "decision_tree"], [0.11975473910570145, "gradient_boost_satur_deficit"], [0.1181582361459732, "gradient_boost"], [0.11981510370969772, "random_forest_satur_deficit"], [0.1180412769317627, "random_forest"]]}}