{"samples": {"1": [[0.10603327217669083, 0.9897684665740099, "decision_tree_satur_deficit"], [0.10924408690803424, 0.9729623710420223, "decision_tree"], [0.1026907661626506, 0.9948748526796097, "gradient_boost_satur_deficit"], [0.10511548280470849, 0.988597020572609, "gradient_boost"], [0.10338886343839354, 0.9710278897891138, "random_forest_satur_deficit"], [0.10251994304451496, 0.9437881985861958, "random_forest"]], "05": [[0.11424423528015976, 0.9902168426219096, "decision_tree_satur_deficit"], [0.11381949554563894, 0.9610124404487659, "decision_tree"], [0.11864957738639541, 0.9960707131000869, "gradient_boost_satur_deficit"], [0.11887821717818901, 0.9874590166010323, "gradient_boost"], [0.11238373900982164, 0.9650593960057756, "random_forest_satur_deficit"], [0.10916622797028686, 0.9252217058687929, "random_forest"]]}, "references": {"1": [[0.10506957769393921, "decision_tree_satur_deficit"], [0.11041779071092606, "decision_tree"], [0.10331755131483078, "gradient_boost_satur_deficit"], [0.10669068247079849, "gradient_boost"], [0.10689740628004074, "random_forest_satur_deficit"], [0.10845384746789932, "random_forest"]], "05": [[0.11522480845451355, "decision_tree_satur_deficit"], [0.11820460855960846, "decision_tree"], [0.11939907819032669, "gradient_boost_satur_deficit"], [0.12071488052606583, "gradient_boost"], [0.11877650022506714, "random_forest_satur_deficit"], [0.12103038281202316, "random_forest"]]}}